{"blendshape": {"jawforward": -0.0012595796, "mouthleft": -0.07210706, "mouthfrownleft": 0.0019018031, "jawopen": 0.06504091, "mouthstretchright": 0.07141762, "browouterupright": 0.04645306, "mouthdimpleright": 0.00069111574, "mouthstretchleft": 0.098485015, "mouthsmileleft": 0.0017048402, "mouthupperupright": -0.00032526953, "mouthfunnel": 0.25022313, "jawleft": 0.007258109, "mouthsmileright": 0.00033554435, "mouthclose": 0.0007783322, "mouthdimpleleft": -1.9550323e-05, "mouthlowerdownleft": 0.00018450618, "mouthright": -0.00619053, "mouthupperupleft": -0.00044311953, "jawright": 0.08941047, "mouthlowerdownright": 0.00070602435, "mouthfrownright": 0.009431932}}